ra_game_id,title,category,achievements,ra_hashes,status,local_roms,local_releases,dat_entries,dat_games,nointro_db_files,nointro_db_titles,local_sources,other_platform_db
11171,Mario Clash,Official,18,1,local,1,"Mario Clash (Japan, USA) (En)",3,"Mario Clash (Japan, USA) (En)",0,,"nointro,retroachievements",
11700,Jack Bros.,Official,57,4,local,4,"Jack Bros. no Meiro de Hiihoo! (Japan),Jack Bros. (USA)",6,"Jack Bros. no Meiro de Hiihoo! (Japan),Jack Bros. (USA)",0,,"nointro,retroachievements",
11701,Vertical Force,Official,22,2,local,2,Vertical Force (USA),3,Vertical Force (USA),0,,"nointro,retroachievements",
11702,Galactic Pinball,Official,28,1,local,1,"Galactic Pinball (Japan, USA) (En)",3,"Galactic Pinball (Japan, USA) (En)",0,,"nointro,retroachievements",
11703,Virtual Boy: Wario Land,Official,29,1,local,1,"Virtual Boy Wario Land (Japan, USA) (En)",3,"Virtual Boy Wario Land (Japan, USA) (En)",0,,"nointro,retroachievements",
12492,Panic Bomber,Official,19,1,local,1,Panic Bomber (USA),3,Panic Bomber (USA),0,,"nointro,retroachievements",
12595,Nester's Funky Bowling,Official,14,1,local,1,Nester's Funky Bowling (USA),3,Nester's Funky Bowling (USA),0,,"nointro,retroachievements",
12719,3-D Tetris,Official,36,1,local,1,3-D Tetris (USA),3,3-D Tetris (USA),0,,nointro,
12720,SD Gundam: Dimension War,Official,16,2,local,2,SD Gundam - Dimension War (Japan),3,SD Gundam - Dimension War (Japan),0,,"nointro,retroachievements",
12721,Teleroboxer,Official,30,1,local,1,"Teleroboxer (Japan, USA) (En)",3,"Teleroboxer (Japan, USA) (En)",0,,"nointro,retroachievements",
12861,Mario's Tennis,Official,28,1,local,1,"Mario's Tennis (Japan, USA) (En)",3,"Mario's Tennis (Japan, USA) (En)",0,,"nointro,retroachievements",
12910,Space Invaders: Virtual Collection,Official,52,2,local,2,Space Invaders - Virtual Collection (Japan),3,Space Invaders - Virtual Collection (Japan),0,,"nointro,retroachievements",
12935,V-Tetris,Official,29,1,local,1,V-Tetris (Japan) (En),3,V-Tetris (Japan) (En),0,,"nointro,retroachievements",
13041,Innsmouth no Yakata,Official,62,2,local,2,Innsmouth no Yakata (Japan),3,Innsmouth no Yakata (Japan),0,,"nointro,retroachievements",
13077,Waterworld,Official,6,1,local,1,Waterworld (USA),3,Waterworld (USA),0,,"nointro,retroachievements",
13078,Virtual Bowling,Official,18,1,local,1,Virtual Bowling (Japan) (En),3,Virtual Bowling (Japan) (En),0,,"nointro,retroachievements",
13079,Red Alarm,Official,59,1,local,1,Red Alarm (USA),3,Red Alarm (USA),0,,"nointro,retroachievements",
13161,~Homebrew~ BLOX,Homebrew,15,1,local,1,BLOX (World) (v1.1) (Aftermarket) (Unl),3,BLOX (World) (v1.1) (Aftermarket) (Unl),0,,"nointro,retroachievements",
13162,~Homebrew~ Fishbone,Homebrew,20,1,local,1,Fishbone (World) (Aftermarket) (Unl),3,Fishbone (World) (Aftermarket) (Unl),0,,"nointro,retroachievements",
13163,~Homebrew~ Pineapple 64,Homebrew,7,1,local,1,,0,,0,,retroachievements,
13164,~Homebrew~ VB Racing,Homebrew,6,1,local,1,,0,,0,,retroachievements,
13947,~Homebrew~ Mario Kart: Virtual Cup,Homebrew,12,1,local,1,Mario Kart - Virtual Cup (World) (Aftermarket) (Unl),3,Mario Kart - Virtual Cup (World) (Aftermarket) (Unl),0,,"nointro,retroachievements",
14302,Golf,Official,20,1,local,1,Golf (USA),3,Golf (USA),0,,"nointro,retroachievements",
16580,~Prototype~ Bound High!,Prototype,78,1,local,1,Bound High (World) (Proto 1) [b],3,Bound High (World) (Proto 1) [b],0,,"nointro,retroachievements",
17013,Space Squash,Official,29,1,local,1,Space Squash (Japan),3,Space Squash (Japan),0,,"nointro,retroachievements",
17014,Virtual Fishing,Official,33,2,local,2,Virtual Fishing (Japan),3,Virtual Fishing (Japan),0,,"nointro,retroachievements",
17015,Virtual Lab,Official,15,2,local,2,Virtual Lab (Japan),3,Virtual Lab (Japan),0,,"nointro,retroachievements",
17019,~Homebrew~ BLOX 2,Homebrew,82,1,local,1,"BLOX 2 (World) (En,Fr,De,Es,It,Sv,Fi,Cs,Sl) (Aftermarket) (Unl)",3,"BLOX 2 (World) (En,Fr,De,Es,It,Sv,Fi,Cs,Sl) (Aftermarket) (Unl)",0,,"nointro,retroachievements",
17020,~Homebrew~ 3D Crosswords,Homebrew,7,1,local,1,3D Crosswords (World) (Emulator Version) (Aftermarket) (Unl),3,3D Crosswords (World) (Emulator Version) (Aftermarket) (Unl),0,,"nointro,retroachievements",
17734,~Homebrew~ Hyper Fighting,Homebrew,24,2,local,2,Hyper Fighting (World) (Aftermarket) (Unl),3,Hyper Fighting (World) (Aftermarket) (Unl),0,,"nointro,retroachievements",
17749,~Prototype~ Space Pinball,Prototype,19,1,local,1,Space Pinball (Japan) (En) (Proto),3,Space Pinball (Japan) (En) (Proto),0,,"nointro,retroachievements",
19509,~Homebrew~ Flappy Cheep Cheep,Homebrew,8,1,local,1,,0,,0,,retroachievements,
19510,~Homebrew~ GoSub,Homebrew,10,1,local,1,,0,,0,,retroachievements,
19544,~Homebrew~ VUE Snake,Homebrew,14,1,local,1,,0,,0,,retroachievements,
19564,~Homebrew~ Castle of Doom,Homebrew,17,1,local,1,,0,,0,,retroachievements,
19567,~Homebrew~ Advanced Pasta Cooking Simulator,Homebrew,6,1,local,1,,0,,0,,retroachievements,
19858,~Homebrew~ Game Hero,Homebrew,35,1,local,1,,0,,0,,retroachievements,
19874,~Homebrew~ Soviet Union 2010,Homebrew,15,1,local,1,Soviet Union 2010 (World) (v1.2) (Aftermarket) (Unl),3,Soviet Union 2010 (World) (v1.2) (Aftermarket) (Unl),0,,"nointro,retroachievements",
21681,~Homebrew~ Red Square,Homebrew,10,1,local,1,,0,,0,,retroachievements,
22399,~Homebrew~ Hamburgers En Route to Switzerland,Homebrew,20,1,local,1,Hamburgers En Route to Switzerland (World) (Aftermarket) (Unl),3,Hamburgers En Route to Switzerland (World) (Aftermarket) (Unl),0,,"nointro,retroachievements",
28194,~Homebrew~ Chris's Casino,Homebrew,20,1,unmatched,0,,0,,0,,,
34102,~Homebrew~ Soviet Union 2011,Homebrew,16,1,local,1,Soviet Union 2011 (World) (v1.2) (Aftermarket) (Unl),3,Soviet Union 2011 (World) (v1.2) (Aftermarket) (Unl),0,,nointro,
41151,~Homebrew~ Virtual Picross,Homebrew,7,1,unmatched,0,,0,,0,,,
